RC - Readiness Center - 79,10.79.150.1,10.79.150.10,10.79.150.25,10.79.250.1,10.79.250.10,10.79.250.25
AL - Alabama - 134,10.134.150.1,10.134.150.10,10.134.150.25,10.134.250.1,10.134.250.10,10.134.250.25
AK - Alaska - 81,10.81.150.1,10.81.150.10,10.81.150.25,10.81.250.1,10.81.250.10,10.81.250.25
AZ - Arizona - 82,10.82.150.1,10.82.150.10,10.82.150.25,10.82.250.1,10.82.250.10,10.82.250.25
AR - Arkansas - 83,10.83.150.1,10.83.150.10,10.83.150.25,10.83.250.1,10.83.250.10,10.83.250.25
CA - California - 84,10.84.150.1,10.84.150.10,10.84.150.25,10.84.250.1,10.84.250.10,10.84.250.25
CO - Colorado - 85,10.85.150.1,10.85.150.10,10.85.150.25,10.85.250.1,10.85.250.10,10.85.250.25
CT - Connecticut - 86,10.86.150.1,10.86.150.10,10.86.150.25,10.86.250.1,10.86.250.10,10.86.250.25
DE - Delaware - 87,10.87.150.1,10.87.150.10,10.87.150.25,10.87.250.1,10.87.250.10,10.87.250.25
DC - District of Columbia - 88,10.88.150.1,10.88.150.10,10.88.150.25,10.88.250.1,10.88.250.10,10.88.250.25
FL - Florida - 89,10.89.150.1,10.89.150.10,10.89.150.25,10.89.250.1,10.89.250.10,10.89.250.25
GA - Georgia - 90,10.90.150.1,10.90.150.10,10.90.150.25,10.90.250.1,10.90.250.10,10.90.250.25
GU - Guam - 91,10.91.150.1,10.91.150.10,10.91.150.25,10.91.250.1,10.91.250.10,10.91.250.25
HI - Hawaii - 92,10.92.150.1,10.92.150.10,10.92.150.25,10.92.250.1,10.92.250.10,10.92.250.25
ID - Idaho - 93,10.93.150.1,10.93.150.10,10.93.150.25,10.93.250.1,10.93.250.10,10.93.250.25
IL - Illinois - 94,10.94.150.1,10.94.150.10,10.94.150.25,10.94.250.1,10.94.250.10,10.94.250.25
IN - Indiana - 95,10.95.150.1,10.95.150.10,10.95.150.25,10.95.250.1,10.95.250.10,10.95.250.25
IA - Iowa - 96,10.96.150.1,10.96.150.10,10.96.150.25,10.96.250.1,10.96.250.10,10.96.250.25
KS - Kansas - 97,10.97.150.1,10.97.150.10,10.97.150.25,10.97.250.1,10.97.250.10,10.97.250.25
KY - Kentucky - 98,10.98.150.1,10.98.150.10,10.98.150.25,10.98.250.1,10.98.250.10,10.98.250.25
LA - Louisiana - 99,10.99.150.1,10.99.150.10,10.99.150.25,10.99.250.1,10.99.250.10,10.99.250.25
ME - Maine - 100,10.100.150.1,10.100.150.10,10.100.150.25,10.100.250.1,10.100.250.10,10.100.250.25
MD - Maryland - 101,10.101.150.1,10.101.150.10,10.101.150.25,10.101.250.1,10.101.250.10,10.101.250.25
MA - Massachusetts - 102,10.102.150.1,10.102.150.10,10.102.150.25,10.102.250.1,10.102.250.10,10.102.250.25
MI - Michigan - 103,10.103.150.1,10.103.150.10,10.103.150.25,10.103.250.1,10.103.250.10,10.103.250.25
MN - Minnesota - 104,10.104.150.1,10.104.150.10,10.104.150.25,10.104.250.1,10.104.250.10,10.104.250.25
MS - Mississippi - 105,10.105.150.1,10.105.150.10,10.105.150.25,10.105.250.1,10.105.250.10,10.105.250.25
MO - Missouri - 106,10.106.150.1,10.106.150.10,10.106.150.25,10.106.250.1,10.106.250.10,10.106.250.25
MT - Montana - 107,10.107.150.1,10.107.150.10,10.107.150.25,10.107.250.1,10.107.250.10,10.107.250.25
NE - Nebraska - 108,10.108.150.1,10.108.150.10,10.108.150.25,10.108.250.1,10.108.250.10,10.108.250.25
NV - Nevada - 109,10.109.150.1,10.109.150.10,10.109.150.25,10.109.250.1,10.109.250.10,10.109.250.25
NH - New Hampshire - 110,10.110.150.1,10.110.150.10,10.110.150.25,10.110.250.1,10.110.250.10,10.110.250.25
NJ - New Jersey - 111,10.111.150.1,10.111.150.10,10.111.150.25,10.111.250.1,10.111.250.10,10.111.250.25
NM - New Mexico - 112,10.112.150.1,10.112.150.10,10.112.150.25,10.112.250.1,10.112.250.10,10.112.250.25
NY - New York - 113,10.113.150.1,10.113.150.10,10.113.150.25,10.113.250.1,10.113.250.10,10.113.250.25
NC - North Carolina - 114,10.114.150.1,10.114.150.10,10.114.150.25,10.114.250.1,10.114.250.10,10.114.250.25
ND - North Dakota - 115,10.115.150.1,10.115.150.10,10.115.150.25,10.115.250.1,10.115.250.10,10.115.250.25
OH - Ohio - 116,10.116.150.1,10.116.150.10,10.116.150.25,10.116.250.1,10.116.250.10,10.116.250.25
OK - Oklahoma - 117,10.117.150.1,10.117.150.10,10.117.150.25,10.117.250.1,10.117.250.10,10.117.250.25
OR - Oregon - 118,10.118.150.1,10.118.150.10,10.118.150.25,10.118.250.1,10.118.250.10,10.118.250.25
PA - Pennsylvania - 119,10.119.150.1,10.119.150.10,10.119.150.25,10.119.250.1,10.119.250.10,10.119.250.25
PR - Puerto Rico - 120,10.120.150.1,10.120.150.10,10.120.150.25,10.120.250.1,10.120.250.10,10.120.250.25
RI - Rhode Island - 121,10.121.150.1,10.121.150.10,10.121.150.25,10.121.250.1,10.121.250.10,10.121.250.25
SC - South Carolina - 122,10.122.150.1,10.122.150.10,10.122.150.25,10.122.250.1,10.122.250.10,10.122.250.25
SD - South Dakota - 123,10.123.150.1,10.123.150.10,10.123.150.25,10.123.250.1,10.123.250.10,10.123.250.25
TN - Tennessee - 124,10.124.150.1,10.124.150.10,10.124.150.25,10.124.250.1,10.124.250.10,10.124.250.25
TX - Texas - 125,10.125.150.1,10.125.150.10,10.125.150.25,10.125.250.1,10.125.250.10,10.125.250.25
UT - Utah - 126,10.126.150.1,10.126.150.10,10.126.150.25,10.126.250.1,10.126.250.10,10.126.250.25
VT - Vermont - 127,10.127.150.1,10.127.150.10,10.127.150.25,10.127.250.1,10.127.250.10,10.127.250.25
VA - Virginia - 128,10.128.150.1,10.128.150.10,10.128.150.25,10.128.250.1,10.128.250.10,10.128.250.25
VI - Virgin Islands - 129,10.129.150.1,10.129.150.10,10.129.150.25,10.129.250.1,10.129.250.10,10.129.250.25
WA - Washington - 130,10.130.150.1,10.130.150.10,10.130.150.25,10.130.250.1,10.130.250.10,10.130.250.25
WV - West Virginia - 131,10.131.150.1,10.131.150.10,10.131.150.25,10.131.250.1,10.131.250.10,10.131.250.25
WI - Wisconsin - 132,10.132.150.1,10.132.150.10,10.132.150.25,10.132.250.1,10.132.250.10,10.132.250.25
WY - Wyoming - 133,10.133.150.1,10.133.150.10,10.133.150.25,10.133.250.1,10.133.250.10,10.133.250.25